"ID","Film","Genre","Rating","Summary","Price","Days","Stock"
953,"WAIT CIDER","Animation","PG-13","A Intrepid Epistle of a Woman And a Forensic Psychologist who must Succumb a Astronaut in A Manhattan Penthouse","0.99",3,"4"
887,"THIEF PELICAN","Animation","PG-13","A Touching Documentary of a Madman And a Mad Scientist who must Outrace a Feminist in An Abandoned Mine Shaft","4.99",5,"4"
886,"THEORY MERMAID","Animation","PG-13","A Fateful Yarn of a Composer And a Monkey who must Vanquish a Womanizer in The First Manned Space Station","0.99",5,"4"
880,"TELEMARK HEARTBREAKERS","Animation","PG-13","A Action-Packed Panorama of a Technical Writer And a Man who must Build a Forensic Psychologist in A Manhattan Penthouse","2.99",6,"4"
865,"SUNRISE LEAGUE","Animation","PG-13","A Beautiful Epistle of a Madman And a Butler who must Face a Crocodile in A Manhattan Penthouse","4.99",3,"4"
690,"POND SEATTLE","Animation","PG-13","A Stunning Drama of a Teacher And a Boat who must Battle a Feminist in Ancient China","2.99",7,"4"
651,"PACKER MADIGAN","Animation","PG-13","A Epic Display of a Sumo Wrestler And a Forensic Psychologist who must Build a Woman in An Abandoned Amusement Park","0.99",3,"2"
583,"MISSION ZOOLANDER","Animation","PG-13","A Intrepid Story of a Sumo Wrestler And a Teacher who must Meet a A Shark in An Abandoned Fun House","4.99",3,"3"
489,"JUGGLER HARDLY","Animation","PG-13","A Epic Story of a Mad Cow And a Astronaut who must Challenge a Car in California","0.99",4,"4"
464,"INTENTIONS EMPIRE","Animation","PG-13","A Astounding Epistle of a Cat And a Cat who must Conquer a Mad Cow in A U-Boat","2.99",3,"4"
349,"GANGS PRIDE","Animation","PG-13","A Taut Character Study of a Woman And a A Shark who must Confront a Frisbee in Berlin","2.99",4,"4"
300,"FALCON VOLUME","Animation","PG-13","A Fateful Saga of a Sumo Wrestler And a Hunter who must Redeem a A Shark in New Orleans","4.99",5,"2"
208,"DARES PLUTO","Animation","PG-13","A Fateful Story of a Robot And a Dentist who must Defeat a Astronaut in New Orleans","2.99",7,"3"
160,"CLUB GRAFFITI","Animation","PG-13","A Epic Tale of a Pioneer And a Hunter who must Escape a Girl in A U-Boat","0.99",4,"2"
18,"ALTER VICTORY","Animation","PG-13","A Thoughtful Drama of a Composer And a Feminist who must Meet a Secret Agent in The Canadian Rockies","0.99",6,"3"
615,"NASH CHOCOLAT","Animation","PG-13","A Epic Reflection of a Monkey And a Mad Cow who must Kill a Forensic Psychologist in An Abandoned Mine Shaft","2.99",6,"0"
582,"MIRACLE VIRTUAL","Animation","PG-13","A Touching Epistle of a Butler And a Boy who must Find a Mad Scientist in The Sahara Desert","2.99",3,"0"
